Parent Unique ID,*Unique ID,*Product Name,Color,Size,*Quantity,*Tags,Description,*Price,MSRP,*Shipping,*Main Image URL,Extra Image URL,Extra Image URL 1,Extra Image URL 2,Extra Image URL 3,Extra Image URL 4,Extra Image URL 5,Extra Image URL 6,Extra Image URL 7,Extra Image URL 8,Extra Image URL 9,Extra Image URL 10
thy-dearlove-wm-lc41748,thy-dearlove-wm-lc41748-black & white-XL,Feisen woman faddish two pieces hand-crochet hollow sexy swimwear black & white,black & white,XL,99,"fashion, black one piece swimsuit, bathing suits on sale, bikini shop, cute bikinis, bikinis for women, one piece swimsuit, white swimsuit, one piece bathing suits, plus size bathing suits","Welcome to our store! We will provide you high quality products.
Due to the light and screen, our color have little difference, please forgive us.
If you have any question about our products, please contact us in time.
Please check your order information before you finsh your order.
Please check your size again before you make order.",11,100,4,http://img.feisenkj.com/img/wh/dearlove/LC41748/01.jpg,http://img.feisenkj.com/img/wh/dearlove/LC41748/02.jpg,http://img.feisenkj.com/img/wh/dearlove/LC41748/03.jpg,,,,,,,,,
thy-dearlove-wm-lc41748,thy-dearlove-wm-lc41748-green-XL,Feisen woman faddish two pieces hand-crochet hollow sexy swimwear green,green,XL,99,"fashion, bathing suits for women, white swimsuit, bikinis for women, tankini bathing suits, bathing suit cover ups, bikinis online, bathing suits for juniors, black one piece swimsuit, women in bikinis","Welcome to our store! We will provide you high quality products.
Due to the light and screen, our color have little difference, please forgive us.
If you have any question about our products, please contact us in time.
Please check your order information before you finsh your order.
Please check your size again before you make order.",11,100,4,http://img.feisenkj.com/img/wh/dearlove/LC41749/01.jpg,http://img.feisenkj.com/img/wh/dearlove/LC41749/02.jpg,http://img.feisenkj.com/img/wh/dearlove/LC41749/03.jpg,,,,,,,,,
thy-dearlove-wm-lc41748,thy-dearlove-wm-lc41748-light blue-M,Feisen woman faddish two pieces hand-crochet hollow sexy swimwear light blue,light blue,M,99,"fashion, 2 piece bathing suits, best swimsuits, bathing suits online, tankini, swimsuits for juniors, red bikini, bikini sale, bandeau bikini, high waisted bathing suits","Welcome to our store! We will provide you high quality products.
Due to the light and screen, our color have little difference, please forgive us.
If you have any question about our products, please contact us in time.
Please check your order information before you finsh your order.
Please check your size again before you make order.",11,100,4,http://img.feisenkj.com/img/wh/dearlove/LC41758/01.jpg,http://img.feisenkj.com/img/wh/dearlove/LC41758/02.jpg,http://img.feisenkj.com/img/wh/dearlove/LC41758/03.jpg,http://img.feisenkj.com/img/wh/dearlove/LC41758/04.jpg,,,,,,,,
thy-dearlove-wm-lc41748,thy-dearlove-wm-lc41748-light blue-L,Feisen woman faddish two pieces hand-crochet hollow sexy swimwear light blue,light blue,L,99,"fashion, two piece swimsuits, cute one piece swimsuits, women in bikinis, best swimsuits, red swimsuit, bathing suits for juniors, cute bathing suits, swimsuits for juniors, bikini sets","Welcome to our store! We will provide you high quality products.
Due to the light and screen, our color have little difference, please forgive us.
If you have any question about our products, please contact us in time.
Please check your order information before you finsh your order.
Please check your size again before you make order.",11,100,4,http://img.feisenkj.com/img/wh/dearlove/LC41758/01.jpg,http://img.feisenkj.com/img/wh/dearlove/LC41758/02.jpg,http://img.feisenkj.com/img/wh/dearlove/LC41758/03.jpg,http://img.feisenkj.com/img/wh/dearlove/LC41758/04.jpg,,,,,,,,
thy-dearlove-wm-lc41748,thy-dearlove-wm-lc41748-light blue-XL,Feisen woman faddish two pieces hand-crochet hollow sexy swimwear light blue,light blue,XL,99,"fashion, triangle bikini, one piece bathing suits, monokini, bandeau bikini, bathing suit bottoms, beachwear, womens bathing suits, women's swimwear, swimsuit cover ups","Welcome to our store! We will provide you high quality products.
Due to the light and screen, our color have little difference, please forgive us.
If you have any question about our products, please contact us in time.
Please check your order information before you finsh your order.
Please check your size again before you make order.",11,100,4,http://img.feisenkj.com/img/wh/dearlove/LC41758/01.jpg,http://img.feisenkj.com/img/wh/dearlove/LC41758/02.jpg,http://img.feisenkj.com/img/wh/dearlove/LC41758/03.jpg,http://img.feisenkj.com/img/wh/dearlove/LC41758/04.jpg,,,,,,,,
thy-dearlove-wm-lc41748,thy-dearlove-wm-lc41748-black-M,Feisen woman faddish two pieces hand-crochet hollow sexy swimwear black,black,M,99,"fashion, bathing suit tops, womens swimming costume, two piece bathing suits, mini bikini, bathing suits online, best bathing suits, bikini bathing suits, bathing suits, juniors swimsuits","Welcome to our store! We will provide you high quality products.
Due to the light and screen, our color have little difference, please forgive us.
If you have any question about our products, please contact us in time.
Please check your order information before you finsh your order.
Please check your size again before you make order.",11,100,4,http://img.feisenkj.com/img/wh/dearlove/LC41763-1/01.jpg,http://img.feisenkj.com/img/wh/dearlove/LC41763-1/02.jpg,http://img.feisenkj.com/img/wh/dearlove/LC41763-1/03.jpg,http://img.feisenkj.com/img/wh/dearlove/LC41763-1/04.jpg,,,,,,,,
thy-dearlove-wm-lc41748,thy-dearlove-wm-lc41748-black-L,Feisen woman faddish two pieces hand-crochet hollow sexy swimwear black,black,L,99,"fashion, swimsuits, cute one piece bathing suits, triangle bikini, best swimsuits, bathing suits for juniors, white bikini, plus size swimwear, swimsuits for all, bathing suit cover ups","Welcome to our store! We will provide you high quality products.
Due to the light and screen, our color have little difference, please forgive us.
If you have any question about our products, please contact us in time.
Please check your order information before you finsh your order.
Please check your size again before you make order.",11,100,4,http://img.feisenkj.com/img/wh/dearlove/LC41763-1/01.jpg,http://img.feisenkj.com/img/wh/dearlove/LC41763-1/02.jpg,http://img.feisenkj.com/img/wh/dearlove/LC41763-1/03.jpg,http://img.feisenkj.com/img/wh/dearlove/LC41763-1/04.jpg,,,,,,,,
thy-dearlove-wm-lc41748,thy-dearlove-wm-lc41748-black-XL,Feisen woman faddish two pieces hand-crochet hollow sexy swimwear black,black,XL,99,"fashion, designer swimwear, two piece bathing suits, high neck swimsuit, brazilian bikini, swimsuits 2017, bathing suits 2017, swimming costume for ladies, ladies swimwear, bikini sale","Welcome to our store! We will provide you high quality products.
Due to the light and screen, our color have little difference, please forgive us.
If you have any question about our products, please contact us in time.
Please check your order information before you finsh your order.
Please check your size again before you make order.",11,100,4,http://img.feisenkj.com/img/wh/dearlove/LC41763-1/01.jpg,http://img.feisenkj.com/img/wh/dearlove/LC41763-1/02.jpg,http://img.feisenkj.com/img/wh/dearlove/LC41763-1/03.jpg,http://img.feisenkj.com/img/wh/dearlove/LC41763-1/04.jpg,,,,,,,,
